,precision,recall,f1-score,support
Fan,0.941738299904489,0.9953563496870583,0.9678052610914801,4953.0
Human,0.9940919599280761,0.9269461077844311,0.9593455627169063,4175.0
accuracy,0.9640666082383874,0.9640666082383874,0.9640666082383874,0.9640666082383874
macro avg,0.9679151299162825,0.9611512287357447,0.9635754119041933,9128.0
weighted avg,0.9656840197334193,0.9640666082383874,0.9639359314777809,9128.0
