,precision,recall,f1-score,support
Fan,0.9883040935672515,0.9883040935672515,0.9883040935672515,513.0
Human,0.9829545454545454,0.9829545454545454,0.9829545454545454,352.0
accuracy,0.9861271676300578,0.9861271676300578,0.9861271676300578,0.9861271676300578
macro avg,0.9856293195108985,0.9856293195108985,0.9856293195108985,865.0
weighted avg,0.9861271676300578,0.9861271676300578,0.9861271676300578,865.0
