,precision,recall,f1-score,support
0,0.9349733028222731,0.9955329949238578,0.9643032746582751,4925.0
1,0.9943401080524826,0.9189253447456015,0.9551464228345484,4206.0
accuracy,0.9602453181469719,0.9602453181469719,0.9602453181469719,0.9602453181469719
macro avg,0.9646567054373778,0.9572291698347297,0.9597248487464118,9131.0
weighted avg,0.962319352849462,0.9602453181469719,0.9600853665681871,9131.0
