,precision,recall,f1-score,support
Fan,0.9336543606206528,0.9968580405598401,0.9642215775659622,3501.0
Human,0.9956418383518225,0.91017747193046,0.9509933774834437,2761.0
accuracy,0.9586394123283296,0.9586394123283296,0.9586394123283296,0.9586394123283296
macro avg,0.9646480994862376,0.95351775624515,0.957607477524703,6262.0
weighted avg,0.960985473047315,0.9586394123283296,0.9583890862807762,6262.0
