,precision,recall,f1-score,support
Fan,0.9123867069486404,0.9945115257958288,0.9516806722689075,911.0
Human,0.9950544015825915,0.9204025617566332,0.9562737642585551,1093.0
accuracy,0.9540918163672655,0.9540918163672655,0.9540918163672655,0.9540918163672655
macro avg,0.953720554265616,0.957457043776231,0.9539772182637314,2004.0
weighted avg,0.9574744266267384,0.9540918163672655,0.9541857868121634,2004.0
