{
    "test_medium": {
        "loss": 0.14242656812328308,
        "accuracy": 0.9586394123283296,
        "f1_score": 0.9583890862807762
    },
    "test_easy": {
        "loss": 0.08276554271510024,
        "accuracy": 0.9861271676300578,
        "f1_score": 0.9861271676300578
    },
    "test_hard": {
        "loss": 0.12651090358710182,
        "accuracy": 0.9540918163672655,
        "f1_score": 0.9541857868121634
    },
    "test": {
        "loss": 0.1332817031962152,
        "accuracy": 0.9602453181469719,
        "f1_score": 0.9600853665681871
    }
}