,precision,recall,f1-score,support
Fall,0.7056672760511883,0.8792710706150342,0.7829614604462475,439.0
Nonfall,0.8814317673378076,0.7099099099099099,0.7864271457085829,555.0
accuracy,0.7847082494969819,0.7847082494969819,0.7847082494969819,0.7847082494969819
macro avg,0.7935495216944979,0.7945904902624721,0.7846943030774152,994.0
weighted avg,0.8038053974436166,0.7847082494969819,0.7848965261611329,994.0
