,precision,recall,f1-score,support
Fall,0.5507246376811594,1.0,0.7102803738317757,38.0
Nonfall,0.0,0.0,0.0,31.0
accuracy,0.5507246376811594,0.5507246376811594,0.5507246376811594,0.5507246376811594
macro avg,0.2753623188405797,0.5,0.35514018691588783,69.0
weighted avg,0.30329762654904435,0.5507246376811594,0.3911689015305431,69.0
