,precision,recall,f1-score,support
Fall,0.690522243713733,0.8902743142144638,0.7777777777777778,401.0
Nonfall,0.905982905982906,0.726027397260274,0.8060836501901141,584.0
accuracy,0.7928934010152284,0.7928934010152284,0.7928934010152284,0.7928934010152284
macro avg,0.7982525748483196,0.8081508557373689,0.791930713983946,985.0
weighted avg,0.8182674485514966,0.7928934010152284,0.7945601427410309,985.0
