,precision,recall,f1-score,support
Fall,0.7192575406032483,0.8757062146892656,0.7898089171974523,354.0
Nonfall,0.905982905982906,0.7779816513761468,0.8371174728529122,545.0
accuracy,0.8164627363737486,0.8164627363737486,0.8164627363737486,0.8164627363737486
macro avg,0.8126202232930771,0.8268439330327062,0.8134631950251823,899.0
weighted avg,0.8324558989257327,0.8164627363737486,0.8184887423723418,899.0
