{
    "best_epoch": 40,
    "best_val_loss": 0.5595336756715832,
    "best_val_accuracy": 0.7887323943661971,
    "experiment_id": "params_ab4b566d75",
    "experiment_completed": true,
    "test_medium_accuracy": 0.5294117647058824,
    "test_medium_f1_score": 0.36651583710407243,
    "test_easy_accuracy": 0.8164627363737486,
    "test_easy_f1_score": 0.8184887423723418,
    "test_hard_accuracy": 0.5507246376811594,
    "test_hard_f1_score": 0.3911689015305431,
    "test_accuracy": 0.7928934010152284,
    "test_f1_score": 0.7945601427410309
}