{
    "test_medium": {
        "loss": 0.701839804649353,
        "accuracy": 0.5294117647058824,
        "f1_score": 0.36651583710407243
    },
    "test_easy": {
        "loss": 0.40697400701191855,
        "accuracy": 0.8164627363737486,
        "f1_score": 0.8184887423723418
    },
    "test_hard": {
        "loss": 0.6903666534285614,
        "accuracy": 0.5507246376811594,
        "f1_score": 0.3911689015305431
    },
    "test": {
        "loss": 0.431914934863899,
        "accuracy": 0.7928934010152284,
        "f1_score": 0.7945601427410309
    }
}