{
    "best_val_accuracy": 0.7887323943661971,
    "best_val_loss": 0.5595336756715832,
    "best_experiment_id": "params_ab4b566d75",
    "best_experiment_params": {
        "model": {
            "model_name": "mlp",
            "task": "FallDetection"
        },
        "training": {
            "num_classes": 2,
            "batch_size": 32,
            "learning_rate": 0.001,
            "weight_decay": 1e-05,
            "epochs": 50,
            "warmup_epochs": 5,
            "patience": 15,
            "win_len": 500,
            "feature_size": 232
        },
        "testing": {
            "test_splits": [
                "test_medium",
                "test_easy",
                "test_hard",
                "test_id"
            ]
        }
    },
    "best_test_accuracies": {
        "test_medium": 0.5294117647058824,
        "test_easy": 0.8164627363737486,
        "test_hard": 0.5507246376811594,
        "test": 0.7928934010152284
    },
    "best_test_f1_scores": {
        "test_medium": 0.36651583710407243,
        "test_easy": 0.8184887423723418,
        "test_hard": 0.3911689015305431,
        "test": 0.7945601427410309
    },
    "timestamp": "2026-02-06 13:52:06"
}