{"train/lr":0,"train/domain_neg_ratio":0.8,"epoch":150,"train/time_per_sample":0.0006532044788508485,"_timestamp":1.7770417371383603e+09,"_runtime":16214,"train/loss":0.06404900684156069,"_wandb":{"runtime":16214},"_step":149}