{"epoch":150,"train/loss":0.03301659653892711,"train/domain_neg_ratio":0.8,"train/time_per_sample":0.00028681916928553975,"_wandb":{"runtime":14610},"_timestamp":1.777039172393277e+09,"_step":149,"_runtime":14610,"train/lr":0}