,precision,recall,f1-score,support
Fall,0.6388888888888888,0.6287015945330297,0.6337543053960965,439.0
Nonfall,0.7099644128113879,0.7189189189189189,0.7144136078782453,555.0
accuracy,0.6790744466800804,0.6790744466800804,0.6790744466800804,0.6790744466800804
macro avg,0.6744266508501384,0.6738102567259743,0.6740839566371708,994.0
weighted avg,0.6785739148214712,0.6790744466800804,0.6787904350516222,994.0
