,precision,recall,f1-score,support
Fall,0.6425339366515838,0.6469248291571754,0.64472190692395,439.0
Nonfall,0.7192028985507246,0.7153153153153153,0.7172538392050587,555.0
accuracy,0.6851106639839034,0.6851106639839034,0.6851106639839034,0.6851106639839034
macro avg,0.6808684176011541,0.6811200722362454,0.6809878730645044,994.0
weighted avg,0.6853420592411443,0.6851106639839034,0.6852201186100821,994.0
