Epoch,Train Loss,Val Loss,Train Accuracy,Val Accuracy,Time per sample
1,0.8318546183970253,0.589408474189175,0.5986144187053475,0.6891348088531187,0.001283415037454228
2,0.7102124725721904,0.5949025811323937,0.6349859276899762,0.6046277665995976,0.001209753553150732
3,0.6485286399796298,0.5826023207823755,0.6408313487767915,0.6790744466800804,0.0012207029839785047
