Epoch,Train Loss,Val Loss,Train Accuracy,Val Accuracy,Time per sample
1,0.7978385720683476,0.5946095754922756,0.6051093310240312,0.6981891348088531,0.00026992804200387635
2,0.7269784017258533,0.5907016997366125,0.6170166702749513,0.6851106639839034,0.0001865301117163678
3,0.6466146398607491,0.617175968599991,0.6460272786317385,0.6549295774647887,0.00020068926304751502
