,precision,recall,f1-score,support
empty,0.984396512161542,0.9866605335786569,0.9855272226051,2174.0
sleep,0.9916833954688844,0.9902634593356243,0.9909729187562688,3492.0
accuracy,0.9888810448288033,0.9888810448288033,0.9888810448288033,0.9888810448288033
macro avg,0.9880399538152131,0.9884619964571406,0.9882500706806844,5666.0
weighted avg,0.9888874751882346,0.9888810448288033,0.9888834476244931,5666.0
