,precision,recall,f1-score,support
0,0.9807064410804393,0.9621432731508445,0.9713361752168161,6868.0
1,0.9685572620631273,0.984027521808576,0.9762311067771818,8139.0
accuracy,0.9740121276737522,0.9740121276737522,0.9740121276737522,0.9740121276737522
macro avg,0.9746318515717833,0.9730853974797102,0.973783640996999,15007.0
weighted avg,0.974117371444809,0.9740121276737522,0.9739909261976794,15007.0
