,precision,recall,f1-score,support
empty,0.9800697558545092,0.9684884293451502,0.9742446755819713,2031.0
sleep,0.971093044263776,0.9817351598173516,0.9763851044504995,2190.0
accuracy,0.9753612887941246,0.9753612887941246,0.9753612887941246,0.9753612887941246
macro avg,0.9755814000591425,0.9751117945812509,0.9753148900162354,4221.0
weighted avg,0.9754123290874621,0.9753612887941246,0.9753552037084997,4221.0
