,precision,recall,f1-score,support
empty,0.9854503128182744,0.9685399685399685,0.976921967402279,6993.0
sleep,0.9729197439684885,0.9875062468765617,0.9801587301587301,8004.0
accuracy,0.978662399146496,0.978662399146496,0.978662399146496,0.978662399146496
macro avg,0.9791850283933814,0.9780231077082651,0.9785403487805046,14997.0
weighted avg,0.978762663750215,0.978662399146496,0.978649449505542,14997.0
