,precision,recall,f1-score,support
empty,0.9780564263322884,0.9372887720615847,0.9572387344199424,2663.0
sleep,0.9349688473520249,0.9772079772079773,0.9556218905472637,2457.0
accuracy,0.9564453125,0.9564453125,0.9564453125,0.9564453125
macro avg,0.9565126368421566,0.957248374634781,0.9564303124836031,5120.0
weighted avg,0.9573794377474236,0.9564453125,0.956462838834948,5120.0
