{
    "test_easy_id": {
        "loss": 0.04926718236406145,
        "accuracy": 0.9888810448288033,
        "f1_score": 0.9888834476244931
    },
    "test_medium_id": {
        "loss": 0.09001986728308184,
        "accuracy": 0.9753612887941246,
        "f1_score": 0.9753552037084997
    },
    "test_hard_id": {
        "loss": 0.13931193714397522,
        "accuracy": 0.9564453125,
        "f1_score": 0.956462838834948
    },
    "test": {
        "loss": 0.09145057979179307,
        "accuracy": 0.9740121276737522,
        "f1_score": 0.9739909261976794
    }
}