{"epoch":150,"_wandb":{"runtime":14377},"_timestamp":1.777039573192566e+09,"train/domain_neg_ratio":0.8,"train/time_per_sample":0.00019703076872630774,"_runtime":14377,"train/lr":0,"_step":149,"train/loss":0.0298824322842492}