,precision,recall,f1-score,support
0,0.6478102189781022,0.885286783042394,0.7481559536354057,401.0
1,0.8947368421052632,0.6695205479452054,0.7659157688540646,584.0
accuracy,0.7573604060913706,0.7573604060913706,0.7573604060913706,0.7573604060913706
macro avg,0.7712735305416827,0.7774036654937997,0.7570358612447352,985.0
weighted avg,0.7942113843651702,0.7573604060913706,0.7586856308817984,985.0
