,precision,recall,f1-score,support
Fall,0.6666666666666666,0.8700564971751412,0.7549019607843137,354.0
Nonfall,0.8947368421052632,0.7174311926605504,0.7963340122199593,545.0
accuracy,0.7775305895439377,0.7775305895439377,0.7775305895439377,0.7775305895439377
macro avg,0.7807017543859649,0.7937438449178458,0.7756179865021364,899.0
weighted avg,0.8049294537790528,0.7775305895439377,0.7800192778392936,899.0
