,precision,recall,f1-score,support
Fall,0.6603448275862069,0.8724373576309795,0.7517173699705594,439.0
Nonfall,0.8647342995169082,0.645045045045045,0.7389060887512899,555.0
accuracy,0.7454728370221329,0.7454728370221329,0.7454728370221329,0.7454728370221329
macro avg,0.7625395635515575,0.7587412013380123,0.7453117293609246,994.0
weighted avg,0.7744657098010351,0.7454728370221329,0.7445641898129189,994.0
