,precision,recall,f1-score,support
Fall,0.5294117647058824,1.0,0.6923076923076923,9.0
Nonfall,0.0,0.0,0.0,8.0
accuracy,0.5294117647058824,0.5294117647058824,0.5294117647058824,0.5294117647058824
macro avg,0.2647058823529412,0.5,0.34615384615384615,17.0
weighted avg,0.28027681660899656,0.5294117647058824,0.36651583710407243,17.0
