{
    "test_medium": {
        "loss": 0.6970941424369812,
        "accuracy": 0.5294117647058824,
        "f1_score": 0.36651583710407243
    },
    "test_easy": {
        "loss": 0.44082163120138235,
        "accuracy": 0.7775305895439377,
        "f1_score": 0.7800192778392936
    },
    "test_hard": {
        "loss": 0.6892350601113361,
        "accuracy": 0.5507246376811594,
        "f1_score": 0.3911689015305431
    },
    "test": {
        "loss": 0.46264615261615233,
        "accuracy": 0.7573604060913706,
        "f1_score": 0.7586856308817984
    }
}