{"time_per_sample":0.2461109386388075,"_timestamp":1.773541015312586e+09,"val_loss":4.0483468108801075,"learning_rate":0.0001523682097939524,"epoch":2,"_runtime":1083,"_step":1,"train_loss":0.2220382053975878,"_wandb":{"runtime":1083}}